Date,DATE / TIME (PST),FLOW CFS
3/26/2022,3/26/2022 0:00,336
3/26/2022,3/26/2022 0:15,336
3/26/2022,3/26/2022 0:30,348
3/26/2022,3/26/2022 0:45,344
3/26/2022,3/26/2022 1:00,344
3/26/2022,3/26/2022 1:15,352
3/26/2022,3/26/2022 1:30,344
3/26/2022,3/26/2022 1:45,340
3/26/2022,3/26/2022 2:00,336
3/26/2022,3/26/2022 2:15,344
3/26/2022,3/26/2022 2:30,348
3/26/2022,3/26/2022 2:45,352
3/26/2022,3/26/2022 3:00,333
3/26/2022,3/26/2022 3:15,333
3/26/2022,3/26/2022 3:30,352
3/26/2022,3/26/2022 3:45,352
3/26/2022,3/26/2022 4:00,344
3/26/2022,3/26/2022 4:15,340
3/26/2022,3/26/2022 4:30,340
3/26/2022,3/26/2022 4:45,340
3/26/2022,3/26/2022 5:00,340
3/26/2022,3/26/2022 5:15,344
3/26/2022,3/26/2022 5:30,344
3/26/2022,3/26/2022 5:45,340
3/26/2022,3/26/2022 6:00,340
3/26/2022,3/26/2022 6:15,344
3/26/2022,3/26/2022 6:30,348
3/26/2022,3/26/2022 6:45,352
3/26/2022,3/26/2022 7:00,352
3/26/2022,3/26/2022 7:15,344
3/26/2022,3/26/2022 7:30,348
3/26/2022,3/26/2022 7:45,344
3/26/2022,3/26/2022 8:00,344
3/26/2022,3/26/2022 8:15,344
3/26/2022,3/26/2022 8:30,352
3/26/2022,3/26/2022 8:45,348
3/26/2022,3/26/2022 9:00,352
3/26/2022,3/26/2022 9:15,356
3/26/2022,3/26/2022 9:30,348
3/26/2022,3/26/2022 9:45,348
3/26/2022,3/26/2022 10:00,352
3/26/2022,3/26/2022 10:15,352
3/26/2022,3/26/2022 10:30,352
3/26/2022,3/26/2022 10:45,352
3/26/2022,3/26/2022 11:00,356
3/26/2022,3/26/2022 11:15,356
3/26/2022,3/26/2022 11:30,356
3/26/2022,3/26/2022 11:45,356
3/26/2022,3/26/2022 12:00,360
3/26/2022,3/26/2022 12:15,360
3/26/2022,3/26/2022 12:30,352
3/26/2022,3/26/2022 12:45,356
3/26/2022,3/26/2022 13:00,360
3/26/2022,3/26/2022 13:15,360
3/26/2022,3/26/2022 13:30,352
3/26/2022,3/26/2022 13:45,364
3/26/2022,3/26/2022 14:00,360
3/26/2022,3/26/2022 14:15,348
3/26/2022,3/26/2022 14:30,352
3/26/2022,3/26/2022 14:45,356
3/26/2022,3/26/2022 15:00,356
3/26/2022,3/26/2022 15:15,348
3/26/2022,3/26/2022 15:30,356
3/26/2022,3/26/2022 15:45,356
3/26/2022,3/26/2022 16:00,352
3/26/2022,3/26/2022 16:15,352
3/26/2022,3/26/2022 16:30,364
3/26/2022,3/26/2022 16:45,360
3/26/2022,3/26/2022 17:00,348
3/26/2022,3/26/2022 17:15,352
3/26/2022,3/26/2022 17:30,360
3/26/2022,3/26/2022 17:45,352
3/26/2022,3/26/2022 18:00,352
3/26/2022,3/26/2022 18:15,352
3/26/2022,3/26/2022 18:30,352
3/26/2022,3/26/2022 18:45,360
3/26/2022,3/26/2022 19:00,360
3/26/2022,3/26/2022 19:15,360
3/26/2022,3/26/2022 19:30,360
3/26/2022,3/26/2022 19:45,348
3/26/2022,3/26/2022 20:00,340
3/26/2022,3/26/2022 20:15,344
3/26/2022,3/26/2022 20:30,348
3/26/2022,3/26/2022 20:45,348
3/26/2022,3/26/2022 21:00,344
3/26/2022,3/26/2022 21:15,344
3/26/2022,3/26/2022 21:30,352
3/26/2022,3/26/2022 21:45,348
3/26/2022,3/26/2022 22:00,352
3/26/2022,3/26/2022 22:15,352
3/26/2022,3/26/2022 22:30,352
3/26/2022,3/26/2022 22:45,344
3/26/2022,3/26/2022 23:00,352
3/26/2022,3/26/2022 23:15,348
3/26/2022,3/26/2022 23:30,340
3/26/2022,3/26/2022 23:45,348
3/27/2022,3/27/2022 0:00,344
3/27/2022,3/27/2022 0:15,348
3/27/2022,3/27/2022 0:30,340
3/27/2022,3/27/2022 0:45,336
3/27/2022,3/27/2022 1:00,352
3/27/2022,3/27/2022 1:15,348
3/27/2022,3/27/2022 1:30,329
3/27/2022,3/27/2022 1:45,336
3/27/2022,3/27/2022 2:00,344
3/27/2022,3/27/2022 2:15,344
3/27/2022,3/27/2022 2:30,336
3/27/2022,3/27/2022 2:45,340
3/27/2022,3/27/2022 3:00,340
3/27/2022,3/27/2022 3:15,336
3/27/2022,3/27/2022 3:30,344
3/27/2022,3/27/2022 3:45,340
3/27/2022,3/27/2022 4:00,340
3/27/2022,3/27/2022 4:15,348
3/27/2022,3/27/2022 4:30,340
3/27/2022,3/27/2022 4:45,329
3/27/2022,3/27/2022 5:00,340
3/27/2022,3/27/2022 5:15,348
3/27/2022,3/27/2022 5:30,336
3/27/2022,3/27/2022 5:45,340
3/27/2022,3/27/2022 6:00,340
3/27/2022,3/27/2022 6:15,333
3/27/2022,3/27/2022 6:30,336
3/27/2022,3/27/2022 6:45,340
3/27/2022,3/27/2022 7:00,336
3/27/2022,3/27/2022 7:15,340
3/27/2022,3/27/2022 7:30,348
3/27/2022,3/27/2022 7:45,340
3/27/2022,3/27/2022 8:00,336
3/27/2022,3/27/2022 8:15,344
3/27/2022,3/27/2022 8:30,348
3/27/2022,3/27/2022 8:45,333
3/27/2022,3/27/2022 9:00,344
3/27/2022,3/27/2022 9:15,348
3/27/2022,3/27/2022 9:30,348
3/27/2022,3/27/2022 9:45,344
3/27/2022,3/27/2022 10:00,340
3/27/2022,3/27/2022 10:15,348
3/27/2022,3/27/2022 10:30,333
3/27/2022,3/27/2022 10:45,344
3/27/2022,3/27/2022 11:00,360
3/27/2022,3/27/2022 11:15,356
3/27/2022,3/27/2022 11:30,352
3/27/2022,3/27/2022 11:45,348
3/27/2022,3/27/2022 12:00,344
3/27/2022,3/27/2022 12:15,340
3/27/2022,3/27/2022 12:30,336
3/27/2022,3/27/2022 12:45,352
3/27/2022,3/27/2022 13:00,356
3/27/2022,3/27/2022 13:15,356
3/27/2022,3/27/2022 13:30,356
3/27/2022,3/27/2022 13:45,348
3/27/2022,3/27/2022 14:00,348
3/27/2022,3/27/2022 14:15,356
3/27/2022,3/27/2022 14:30,356
3/27/2022,3/27/2022 14:45,360
3/27/2022,3/27/2022 15:00,356
3/27/2022,3/27/2022 15:15,344
3/27/2022,3/27/2022 15:30,352
3/27/2022,3/27/2022 15:45,356
3/27/2022,3/27/2022 16:00,356
3/27/2022,3/27/2022 16:15,329
3/27/2022,3/27/2022 16:30,333
3/27/2022,3/27/2022 16:45,360
3/27/2022,3/27/2022 17:00,364
3/27/2022,3/27/2022 17:15,352
3/27/2022,3/27/2022 17:30,360
3/27/2022,3/27/2022 17:45,352
3/27/2022,3/27/2022 18:00,336
3/27/2022,3/27/2022 18:15,344
3/27/2022,3/27/2022 18:30,348
3/27/2022,3/27/2022 18:45,352
3/27/2022,3/27/2022 19:00,348
3/27/2022,3/27/2022 19:15,348
3/27/2022,3/27/2022 19:30,352
3/27/2022,3/27/2022 19:45,336
3/27/2022,3/27/2022 20:00,336
3/27/2022,3/27/2022 20:15,348
3/27/2022,3/27/2022 20:30,352
3/27/2022,3/27/2022 20:45,344
3/27/2022,3/27/2022 21:00,344
3/27/2022,3/27/2022 21:15,348
3/27/2022,3/27/2022 21:30,340
3/27/2022,3/27/2022 21:45,348
3/27/2022,3/27/2022 22:00,336
3/27/2022,3/27/2022 22:15,340
3/27/2022,3/27/2022 22:30,352
3/27/2022,3/27/2022 22:45,340
3/27/2022,3/27/2022 23:00,348
3/27/2022,3/27/2022 23:15,344
3/27/2022,3/27/2022 23:30,329
3/27/2022,3/27/2022 23:45,336
3/28/2022,3/28/2022 0:00,348
3/28/2022,3/28/2022 0:15,340
3/28/2022,3/28/2022 0:30,336
3/28/2022,3/28/2022 0:45,348
3/28/2022,3/28/2022 1:00,344
3/28/2022,3/28/2022 1:15,336
3/28/2022,3/28/2022 1:30,344
3/28/2022,3/28/2022 1:45,340
3/28/2022,3/28/2022 2:00,321
3/28/2022,3/28/2022 2:15,340
3/28/2022,3/28/2022 2:30,348
3/28/2022,3/28/2022 2:45,348
3/28/2022,3/28/2022 3:00,344
3/28/2022,3/28/2022 3:15,336
3/28/2022,3/28/2022 3:30,340
3/28/2022,3/28/2022 3:45,333
3/28/2022,3/28/2022 4:00,344
3/28/2022,3/28/2022 4:15,333
3/28/2022,3/28/2022 4:30,344
3/28/2022,3/28/2022 4:45,344
3/28/2022,3/28/2022 5:00,344
3/28/2022,3/28/2022 5:15,344
3/28/2022,3/28/2022 5:30,336
3/28/2022,3/28/2022 5:45,325
3/28/2022,3/28/2022 6:00,340
3/28/2022,3/28/2022 6:15,352
3/28/2022,3/28/2022 6:30,348
3/28/2022,3/28/2022 6:45,333
3/28/2022,3/28/2022 7:00,336
3/28/2022,3/28/2022 7:15,344
3/28/2022,3/28/2022 7:30,348
3/28/2022,3/28/2022 7:45,348
3/28/2022,3/28/2022 8:00,340
3/28/2022,3/28/2022 8:15,336
3/28/2022,3/28/2022 8:30,348
3/28/2022,3/28/2022 8:45,352
3/28/2022,3/28/2022 9:00,348
3/28/2022,3/28/2022 9:15,348
3/28/2022,3/28/2022 9:30,333
3/28/2022,3/28/2022 9:45,348
3/28/2022,3/28/2022 10:00,360
3/28/2022,3/28/2022 10:15,340
3/28/2022,3/28/2022 10:30,348
3/28/2022,3/28/2022 10:45,352
3/28/2022,3/28/2022 11:00,352
3/28/2022,3/28/2022 11:15,356
3/28/2022,3/28/2022 11:30,356
3/28/2022,3/28/2022 11:45,356
3/28/2022,3/28/2022 12:00,352
3/28/2022,3/28/2022 12:15,356
3/28/2022,3/28/2022 12:30,352
3/28/2022,3/28/2022 12:45,356
3/28/2022,3/28/2022 13:00,368
3/28/2022,3/28/2022 13:15,352
3/28/2022,3/28/2022 13:30,356
3/28/2022,3/28/2022 13:45,364
3/28/2022,3/28/2022 14:00,352
3/28/2022,3/28/2022 14:15,360
3/28/2022,3/28/2022 14:30,385
3/28/2022,3/28/2022 14:45,372
3/28/2022,3/28/2022 15:00,360
3/28/2022,3/28/2022 15:15,372
3/28/2022,3/28/2022 15:30,380
3/28/2022,3/28/2022 15:45,372
3/28/2022,3/28/2022 16:00,360
3/28/2022,3/28/2022 16:15,356
3/28/2022,3/28/2022 16:30,360
3/28/2022,3/28/2022 16:45,348
3/28/2022,3/28/2022 17:00,344
3/28/2022,3/28/2022 17:15,364
3/28/2022,3/28/2022 17:30,364
3/28/2022,3/28/2022 17:45,344
3/28/2022,3/28/2022 18:00,344
3/28/2022,3/28/2022 18:15,364
3/28/2022,3/28/2022 18:30,380
3/28/2022,3/28/2022 18:45,356
3/28/2022,3/28/2022 19:00,348
3/28/2022,3/28/2022 19:15,364
3/28/2022,3/28/2022 19:30,364
3/28/2022,3/28/2022 19:45,356
3/28/2022,3/28/2022 20:00,360
3/28/2022,3/28/2022 20:15,364
3/28/2022,3/28/2022 20:30,356
3/28/2022,3/28/2022 20:45,344
3/28/2022,3/28/2022 21:00,356
3/28/2022,3/28/2022 21:15,368
3/28/2022,3/28/2022 21:30,360
3/28/2022,3/28/2022 21:45,352
3/28/2022,3/28/2022 22:00,360
3/28/2022,3/28/2022 22:15,360
3/28/2022,3/28/2022 22:30,352
3/28/2022,3/28/2022 22:45,364
3/28/2022,3/28/2022 23:00,364
3/28/2022,3/28/2022 23:15,360
3/28/2022,3/28/2022 23:30,352
3/28/2022,3/28/2022 23:45,356
3/29/2022,3/29/2022 0:00,356
3/29/2022,3/29/2022 0:15,344
3/29/2022,3/29/2022 0:30,352
3/29/2022,3/29/2022 0:45,344
3/29/2022,3/29/2022 1:00,344
3/29/2022,3/29/2022 1:15,352
3/29/2022,3/29/2022 1:30,356
3/29/2022,3/29/2022 1:45,352
3/29/2022,3/29/2022 2:00,344
3/29/2022,3/29/2022 2:15,348
3/29/2022,3/29/2022 2:30,352
3/29/2022,3/29/2022 2:45,356
3/29/2022,3/29/2022 3:00,352
3/29/2022,3/29/2022 3:15,348
3/29/2022,3/29/2022 3:30,344
3/29/2022,3/29/2022 3:45,344
3/29/2022,3/29/2022 4:00,352
3/29/2022,3/29/2022 4:15,352
3/29/2022,3/29/2022 4:30,348
3/29/2022,3/29/2022 4:45,352
3/29/2022,3/29/2022 5:00,352
3/29/2022,3/29/2022 5:15,352
3/29/2022,3/29/2022 5:30,352
3/29/2022,3/29/2022 5:45,344
3/29/2022,3/29/2022 6:00,344
3/29/2022,3/29/2022 6:15,340
3/29/2022,3/29/2022 6:30,344
3/29/2022,3/29/2022 6:45,356
3/29/2022,3/29/2022 7:00,356
3/29/2022,3/29/2022 7:15,352
3/29/2022,3/29/2022 7:30,352
3/29/2022,3/29/2022 7:45,344
3/29/2022,3/29/2022 8:00,340
3/29/2022,3/29/2022 8:15,352
3/29/2022,3/29/2022 8:30,356
3/29/2022,3/29/2022 8:45,344
3/29/2022,3/29/2022 9:00,344
3/29/2022,3/29/2022 9:15,356
3/29/2022,3/29/2022 9:30,352
3/29/2022,3/29/2022 9:45,348
3/29/2022,3/29/2022 10:00,348
3/29/2022,3/29/2022 10:15,352
3/29/2022,3/29/2022 10:30,344
3/29/2022,3/29/2022 10:45,344
3/29/2022,3/29/2022 11:00,348
3/29/2022,3/29/2022 11:15,352
3/29/2022,3/29/2022 11:30,344
3/29/2022,3/29/2022 11:45,344
3/29/2022,3/29/2022 12:00,352
3/29/2022,3/29/2022 12:15,348
3/29/2022,3/29/2022 12:30,336
3/29/2022,3/29/2022 12:45,352
3/29/2022,3/29/2022 13:00,352
3/29/2022,3/29/2022 13:15,336
3/29/2022,3/29/2022 13:30,344
3/29/2022,3/29/2022 13:45,348
3/29/2022,3/29/2022 14:00,344
3/29/2022,3/29/2022 14:15,344
3/29/2022,3/29/2022 14:30,352
3/29/2022,3/29/2022 14:45,352
3/29/2022,3/29/2022 15:00,344
3/29/2022,3/29/2022 15:15,340
3/29/2022,3/29/2022 15:30,340
3/29/2022,3/29/2022 15:45,340
3/29/2022,3/29/2022 16:00,344
3/29/2022,3/29/2022 16:15,348
3/29/2022,3/29/2022 16:30,336
3/29/2022,3/29/2022 16:45,321
3/29/2022,3/29/2022 17:00,329
3/29/2022,3/29/2022 17:15,348
3/29/2022,3/29/2022 17:30,344
3/29/2022,3/29/2022 17:45,333
3/29/2022,3/29/2022 18:00,348
3/29/2022,3/29/2022 18:15,340
3/29/2022,3/29/2022 18:30,344
3/29/2022,3/29/2022 18:45,348
3/29/2022,3/29/2022 19:00,336
3/29/2022,3/29/2022 19:15,340
3/29/2022,3/29/2022 19:30,340
3/29/2022,3/29/2022 19:45,333
3/29/2022,3/29/2022 20:00,340
3/29/2022,3/29/2022 20:15,352
3/29/2022,3/29/2022 20:30,344
3/29/2022,3/29/2022 20:45,325
3/29/2022,3/29/2022 21:00,333
3/29/2022,3/29/2022 21:15,336
3/29/2022,3/29/2022 21:30,329
3/29/2022,3/29/2022 21:45,340
3/29/2022,3/29/2022 22:00,336
3/29/2022,3/29/2022 22:15,333
3/29/2022,3/29/2022 22:30,329
3/29/2022,3/29/2022 22:45,333
3/29/2022,3/29/2022 23:00,336
3/29/2022,3/29/2022 23:15,344
3/29/2022,3/29/2022 23:30,336
3/29/2022,3/29/2022 23:45,325
3/30/2022,3/30/2022 0:00,329
3/30/2022,3/30/2022 0:15,340
3/30/2022,3/30/2022 0:30,336
3/30/2022,3/30/2022 0:45,325
3/30/2022,3/30/2022 1:00,329
3/30/2022,3/30/2022 1:15,333
3/30/2022,3/30/2022 1:30,333
3/30/2022,3/30/2022 1:45,329
3/30/2022,3/30/2022 2:00,329
3/30/2022,3/30/2022 2:15,333
3/30/2022,3/30/2022 2:30,329
3/30/2022,3/30/2022 2:45,325
3/30/2022,3/30/2022 3:00,329
3/30/2022,3/30/2022 3:15,325
3/30/2022,3/30/2022 3:30,317
3/30/2022,3/30/2022 3:45,321
3/30/2022,3/30/2022 4:00,329
3/30/2022,3/30/2022 4:15,325
3/30/2022,3/30/2022 4:30,333
3/30/2022,3/30/2022 4:45,333
3/30/2022,3/30/2022 5:00,321
3/30/2022,3/30/2022 5:15,325
3/30/2022,3/30/2022 5:30,329
3/30/2022,3/30/2022 5:45,329
3/30/2022,3/30/2022 6:00,325
3/30/2022,3/30/2022 6:15,317
3/30/2022,3/30/2022 6:30,325
3/30/2022,3/30/2022 6:45,317
3/30/2022,3/30/2022 7:00,310
3/30/2022,3/30/2022 7:15,321
3/30/2022,3/30/2022 7:30,325
3/30/2022,3/30/2022 7:45,321
3/30/2022,3/30/2022 8:00,317
3/30/2022,3/30/2022 8:15,321
3/30/2022,3/30/2022 8:30,325
3/30/2022,3/30/2022 8:45,333
3/30/2022,3/30/2022 9:00,336
3/30/2022,3/30/2022 9:15,344
3/30/2022,3/30/2022 9:30,325
3/30/2022,3/30/2022 9:45,336
3/30/2022,3/30/2022 10:00,364
3/30/2022,3/30/2022 10:15,333
3/30/2022,3/30/2022 10:30,329
3/30/2022,3/30/2022 10:45,329
3/30/2022,3/30/2022 11:00,325
3/30/2022,3/30/2022 11:15,325
3/30/2022,3/30/2022 11:30,329
3/30/2022,3/30/2022 11:45,333
3/30/2022,3/30/2022 12:00,325
3/30/2022,3/30/2022 12:15,321
3/30/2022,3/30/2022 12:30,333
3/30/2022,3/30/2022 12:45,329
3/30/2022,3/30/2022 13:00,329
3/30/2022,3/30/2022 13:15,340
3/30/2022,3/30/2022 13:30,336
3/30/2022,3/30/2022 13:45,329
3/30/2022,3/30/2022 14:00,336
3/30/2022,3/30/2022 14:15,336
3/30/2022,3/30/2022 14:30,333
3/30/2022,3/30/2022 14:45,329
3/30/2022,3/30/2022 15:00,325
3/30/2022,3/30/2022 15:15,340
3/30/2022,3/30/2022 15:30,340
3/30/2022,3/30/2022 15:45,336
3/30/2022,3/30/2022 16:00,344
3/30/2022,3/30/2022 16:15,336
3/30/2022,3/30/2022 16:30,340
3/30/2022,3/30/2022 16:45,340
3/30/2022,3/30/2022 17:00,340
3/30/2022,3/30/2022 17:15,333
3/30/2022,3/30/2022 17:30,344
3/30/2022,3/30/2022 17:45,344
3/30/2022,3/30/2022 18:00,348
3/30/2022,3/30/2022 18:15,333
3/30/2022,3/30/2022 18:30,348
3/30/2022,3/30/2022 18:45,352
3/30/2022,3/30/2022 19:00,336
3/30/2022,3/30/2022 19:15,340
3/30/2022,3/30/2022 19:30,333
3/30/2022,3/30/2022 19:45,340
3/30/2022,3/30/2022 20:00,340
3/30/2022,3/30/2022 20:15,340
3/30/2022,3/30/2022 20:30,336
3/30/2022,3/30/2022 20:45,344
3/30/2022,3/30/2022 21:00,348
3/30/2022,3/30/2022 21:15,340
3/30/2022,3/30/2022 21:30,344
3/30/2022,3/30/2022 21:45,333
3/30/2022,3/30/2022 22:00,329
3/30/2022,3/30/2022 22:15,336
3/30/2022,3/30/2022 22:30,336
3/30/2022,3/30/2022 22:45,352
3/30/2022,3/30/2022 23:00,336
3/30/2022,3/30/2022 23:15,333
3/30/2022,3/30/2022 23:30,340
3/30/2022,3/30/2022 23:45,329
3/31/2022,3/31/2022 0:00,340
3/31/2022,3/31/2022 0:15,336
3/31/2022,3/31/2022 0:30,325
3/31/2022,3/31/2022 0:45,340
3/31/2022,3/31/2022 1:00,344
3/31/2022,3/31/2022 1:15,333
3/31/2022,3/31/2022 1:30,317
3/31/2022,3/31/2022 1:45,333
3/31/2022,3/31/2022 2:00,348
3/31/2022,3/31/2022 2:15,333
3/31/2022,3/31/2022 2:30,329
3/31/2022,3/31/2022 2:45,340
3/31/2022,3/31/2022 3:00,329
3/31/2022,3/31/2022 3:15,329
3/31/2022,3/31/2022 3:30,340
3/31/2022,3/31/2022 3:45,329
3/31/2022,3/31/2022 4:00,329
3/31/2022,3/31/2022 4:15,333
3/31/2022,3/31/2022 4:30,329
3/31/2022,3/31/2022 4:45,336
3/31/2022,3/31/2022 5:00,336
3/31/2022,3/31/2022 5:15,329
3/31/2022,3/31/2022 5:30,329
3/31/2022,3/31/2022 5:45,329
3/31/2022,3/31/2022 6:00,333
3/31/2022,3/31/2022 6:15,333
3/31/2022,3/31/2022 6:30,336
3/31/2022,3/31/2022 6:45,333
3/31/2022,3/31/2022 7:00,325
3/31/2022,3/31/2022 7:15,333
3/31/2022,3/31/2022 7:30,336
3/31/2022,3/31/2022 7:45,333
3/31/2022,3/31/2022 8:00,333
3/31/2022,3/31/2022 8:15,333
3/31/2022,3/31/2022 8:30,333
3/31/2022,3/31/2022 8:45,336
3/31/2022,3/31/2022 9:00,336
3/31/2022,3/31/2022 9:15,336
3/31/2022,3/31/2022 9:30,336
3/31/2022,3/31/2022 9:45,333
3/31/2022,3/31/2022 10:00,344
3/31/2022,3/31/2022 10:15,344
3/31/2022,3/31/2022 10:30,329
3/31/2022,3/31/2022 10:45,340
3/31/2022,3/31/2022 11:00,344
3/31/2022,3/31/2022 11:15,333
3/31/2022,3/31/2022 11:30,333
3/31/2022,3/31/2022 11:45,340
3/31/2022,3/31/2022 12:00,336
3/31/2022,3/31/2022 12:15,340
3/31/2022,3/31/2022 12:30,340
3/31/2022,3/31/2022 12:45,329
3/31/2022,3/31/2022 13:00,340
3/31/2022,3/31/2022 13:15,340
3/31/2022,3/31/2022 13:30,344
3/31/2022,3/31/2022 13:45,333
3/31/2022,3/31/2022 14:00,336
3/31/2022,3/31/2022 14:15,344
3/31/2022,3/31/2022 14:30,340
3/31/2022,3/31/2022 14:45,333
3/31/2022,3/31/2022 15:00,340
3/31/2022,3/31/2022 15:15,344
3/31/2022,3/31/2022 15:30,333
3/31/2022,3/31/2022 15:45,336
3/31/2022,3/31/2022 16:00,336
3/31/2022,3/31/2022 16:15,333
3/31/2022,3/31/2022 16:30,336
3/31/2022,3/31/2022 16:45,336
3/31/2022,3/31/2022 17:00,333
3/31/2022,3/31/2022 17:15,329
3/31/2022,3/31/2022 17:30,333
3/31/2022,3/31/2022 17:45,336
3/31/2022,3/31/2022 18:00,336
3/31/2022,3/31/2022 18:15,336
3/31/2022,3/31/2022 18:30,325
3/31/2022,3/31/2022 18:45,336
3/31/2022,3/31/2022 19:00,344
3/31/2022,3/31/2022 19:15,325
3/31/2022,3/31/2022 19:30,321
3/31/2022,3/31/2022 19:45,340
3/31/2022,3/31/2022 20:00,344
3/31/2022,3/31/2022 20:15,333
3/31/2022,3/31/2022 20:30,329
3/31/2022,3/31/2022 20:45,336
3/31/2022,3/31/2022 21:00,333
3/31/2022,3/31/2022 21:15,321
3/31/2022,3/31/2022 21:30,329
3/31/2022,3/31/2022 21:45,336
3/31/2022,3/31/2022 22:00,325
3/31/2022,3/31/2022 22:15,321
3/31/2022,3/31/2022 22:30,329
3/31/2022,3/31/2022 22:45,333
3/31/2022,3/31/2022 23:00,336
3/31/2022,3/31/2022 23:15,325
3/31/2022,3/31/2022 23:30,321
3/31/2022,3/31/2022 23:45,321
4/1/2022,4/1/2022 0:00,329
4/1/2022,4/1/2022 0:15,329
4/1/2022,4/1/2022 0:30,321
4/1/2022,4/1/2022 0:45,336
4/1/2022,4/1/2022 1:00,325
4/1/2022,4/1/2022 1:15,314
4/1/2022,4/1/2022 1:30,325
4/1/2022,4/1/2022 1:45,333
4/1/2022,4/1/2022 2:00,325
4/1/2022,4/1/2022 2:15,317
4/1/2022,4/1/2022 2:30,329
4/1/2022,4/1/2022 2:45,329
4/1/2022,4/1/2022 3:00,321
4/1/2022,4/1/2022 3:15,325
4/1/2022,4/1/2022 3:30,333
4/1/2022,4/1/2022 3:45,325
4/1/2022,4/1/2022 4:00,314
4/1/2022,4/1/2022 4:15,321
4/1/2022,4/1/2022 4:30,317
4/1/2022,4/1/2022 4:45,317
4/1/2022,4/1/2022 5:00,321
4/1/2022,4/1/2022 5:15,321
4/1/2022,4/1/2022 5:30,325
4/1/2022,4/1/2022 5:45,317
4/1/2022,4/1/2022 6:00,329
4/1/2022,4/1/2022 6:15,321
4/1/2022,4/1/2022 6:30,314
4/1/2022,4/1/2022 6:45,317
4/1/2022,4/1/2022 7:00,325
4/1/2022,4/1/2022 7:15,317
4/1/2022,4/1/2022 7:30,317
4/1/2022,4/1/2022 7:45,321
4/1/2022,4/1/2022 8:00,325
4/1/2022,4/1/2022 8:15,329
4/1/2022,4/1/2022 8:30,329
4/1/2022,4/1/2022 8:45,340
4/1/2022,4/1/2022 9:00,325
4/1/2022,4/1/2022 9:15,321
4/1/2022,4/1/2022 9:30,325
4/1/2022,4/1/2022 9:45,325
4/1/2022,4/1/2022 10:00,325
4/1/2022,4/1/2022 10:15,325
4/1/2022,4/1/2022 10:30,325
4/1/2022,4/1/2022 10:45,329
4/1/2022,4/1/2022 11:00,321
4/1/2022,4/1/2022 11:15,317
4/1/2022,4/1/2022 11:30,333
4/1/2022,4/1/2022 11:45,325
4/1/2022,4/1/2022 12:00,325
4/1/2022,4/1/2022 12:15,325
4/1/2022,4/1/2022 12:30,325
4/1/2022,4/1/2022 12:45,325
4/1/2022,4/1/2022 13:00,321
4/1/2022,4/1/2022 13:15,325
4/1/2022,4/1/2022 13:30,329
4/1/2022,4/1/2022 13:45,325
4/1/2022,4/1/2022 14:00,325
4/1/2022,4/1/2022 14:15,329
4/1/2022,4/1/2022 14:30,329
4/1/2022,4/1/2022 14:45,329
4/1/2022,4/1/2022 15:00,325
4/1/2022,4/1/2022 15:15,317
4/1/2022,4/1/2022 15:30,329
4/1/2022,4/1/2022 15:45,329
4/1/2022,4/1/2022 16:00,317
4/1/2022,4/1/2022 16:15,321
4/1/2022,4/1/2022 16:30,333
4/1/2022,4/1/2022 16:45,325
4/1/2022,4/1/2022 17:00,321
4/1/2022,4/1/2022 17:15,329
4/1/2022,4/1/2022 17:30,321
4/1/2022,4/1/2022 17:45,329
4/1/2022,4/1/2022 18:00,340
4/1/2022,4/1/2022 18:15,329
4/1/2022,4/1/2022 18:30,310
4/1/2022,4/1/2022 18:45,314
4/1/2022,4/1/2022 19:00,340
4/1/2022,4/1/2022 19:15,336
4/1/2022,4/1/2022 19:30,314
4/1/2022,4/1/2022 19:45,314
4/1/2022,4/1/2022 20:00,336
4/1/2022,4/1/2022 20:15,329
4/1/2022,4/1/2022 20:30,314
4/1/2022,4/1/2022 20:45,317
4/1/2022,4/1/2022 21:00,321
4/1/2022,4/1/2022 21:15,325
4/1/2022,4/1/2022 21:30,321
4/1/2022,4/1/2022 21:45,325
4/1/2022,4/1/2022 22:00,317
4/1/2022,4/1/2022 22:15,317
4/1/2022,4/1/2022 22:30,321
4/1/2022,4/1/2022 22:45,314
4/1/2022,4/1/2022 23:00,310
4/1/2022,4/1/2022 23:15,329
4/1/2022,4/1/2022 23:30,317
4/1/2022,4/1/2022 23:45,310
4/2/2022,4/2/2022 0:00,333
4/2/2022,4/2/2022 0:15,325
4/2/2022,4/2/2022 0:30,314
4/2/2022,4/2/2022 0:45,321
4/2/2022,4/2/2022 1:00,321
4/2/2022,4/2/2022 1:15,299
4/2/2022,4/2/2022 1:30,303
4/2/2022,4/2/2022 1:45,325
4/2/2022,4/2/2022 2:00,317
4/2/2022,4/2/2022 2:15,314
4/2/2022,4/2/2022 2:30,310
4/2/2022,4/2/2022 2:45,325
4/2/2022,4/2/2022 3:00,329
4/2/2022,4/2/2022 3:15,317
4/2/2022,4/2/2022 3:30,317
4/2/2022,4/2/2022 3:45,317
4/2/2022,4/2/2022 4:00,310
4/2/2022,4/2/2022 4:15,317
4/2/2022,4/2/2022 4:30,321
4/2/2022,4/2/2022 4:45,310
4/2/2022,4/2/2022 5:00,303
4/2/2022,4/2/2022 5:15,317
4/2/2022,4/2/2022 5:30,314
4/2/2022,4/2/2022 5:45,306
4/2/2022,4/2/2022 6:00,310
4/2/2022,4/2/2022 6:15,310
4/2/2022,4/2/2022 6:30,306
4/2/2022,4/2/2022 6:45,306
4/2/2022,4/2/2022 7:00,306
4/2/2022,4/2/2022 7:15,306
4/2/2022,4/2/2022 7:30,314
4/2/2022,4/2/2022 7:45,314
4/2/2022,4/2/2022 8:00,310
4/2/2022,4/2/2022 8:15,306
4/2/2022,4/2/2022 8:30,314
4/2/2022,4/2/2022 8:45,310
4/2/2022,4/2/2022 9:00,306
4/2/2022,4/2/2022 9:15,321
4/2/2022,4/2/2022 9:30,317
4/2/2022,4/2/2022 9:45,310
4/2/2022,4/2/2022 10:00,310
4/2/2022,4/2/2022 10:15,310
4/2/2022,4/2/2022 10:30,310
4/2/2022,4/2/2022 10:45,321
4/2/2022,4/2/2022 11:00,317
4/2/2022,4/2/2022 11:15,314
4/2/2022,4/2/2022 11:30,317
4/2/2022,4/2/2022 11:45,317
4/2/2022,4/2/2022 12:00,314
4/2/2022,4/2/2022 12:15,321
4/2/2022,4/2/2022 12:30,317
4/2/2022,4/2/2022 12:45,306
4/2/2022,4/2/2022 13:00,314
4/2/2022,4/2/2022 13:15,317
4/2/2022,4/2/2022 13:30,314
4/2/2022,4/2/2022 13:45,325
4/2/2022,4/2/2022 14:00,321
4/2/2022,4/2/2022 14:15,306
4/2/2022,4/2/2022 14:30,314
4/2/2022,4/2/2022 14:45,325
4/2/2022,4/2/2022 15:00,314
4/2/2022,4/2/2022 15:15,303
4/2/2022,4/2/2022 15:30,317
4/2/2022,4/2/2022 15:45,321
4/2/2022,4/2/2022 16:00,314
4/2/2022,4/2/2022 16:15,317
4/2/2022,4/2/2022 16:30,314
4/2/2022,4/2/2022 16:45,317
4/2/2022,4/2/2022 17:00,317
4/2/2022,4/2/2022 17:15,306
4/2/2022,4/2/2022 17:30,314
4/2/2022,4/2/2022 17:45,321
4/2/2022,4/2/2022 18:00,317
4/2/2022,4/2/2022 18:15,310
4/2/2022,4/2/2022 18:30,310
4/2/2022,4/2/2022 18:45,321
4/2/2022,4/2/2022 19:00,314
4/2/2022,4/2/2022 19:15,306
4/2/2022,4/2/2022 19:30,317
4/2/2022,4/2/2022 19:45,314
4/2/2022,4/2/2022 20:00,306
4/2/2022,4/2/2022 20:15,314
4/2/2022,4/2/2022 20:30,310
4/2/2022,4/2/2022 20:45,303
4/2/2022,4/2/2022 21:00,303
4/2/2022,4/2/2022 21:15,306
4/2/2022,4/2/2022 21:30,310
4/2/2022,4/2/2022 21:45,317
4/2/2022,4/2/2022 22:00,306
4/2/2022,4/2/2022 22:15,306
4/2/2022,4/2/2022 22:30,314
4/2/2022,4/2/2022 22:45,303
4/2/2022,4/2/2022 23:00,306
4/2/2022,4/2/2022 23:15,321
4/2/2022,4/2/2022 23:30,317
4/2/2022,4/2/2022 23:45,310
4/3/2022,4/3/2022 0:00,303
4/3/2022,4/3/2022 0:15,306
4/3/2022,4/3/2022 0:30,310
4/3/2022,4/3/2022 0:45,299
4/3/2022,4/3/2022 1:00,306
4/3/2022,4/3/2022 1:15,314
4/3/2022,4/3/2022 1:30,306
4/3/2022,4/3/2022 1:45,314
4/3/2022,4/3/2022 2:00,314
4/3/2022,4/3/2022 2:15,296
4/3/2022,4/3/2022 2:30,306
4/3/2022,4/3/2022 2:45,310
4/3/2022,4/3/2022 3:00,306
4/3/2022,4/3/2022 3:15,310
4/3/2022,4/3/2022 3:30,303
4/3/2022,4/3/2022 3:45,299
4/3/2022,4/3/2022 4:00,310
4/3/2022,4/3/2022 4:15,303
4/3/2022,4/3/2022 4:30,310
4/3/2022,4/3/2022 4:45,310
4/3/2022,4/3/2022 5:00,303
4/3/2022,4/3/2022 5:15,303
4/3/2022,4/3/2022 5:30,299
4/3/2022,4/3/2022 5:45,306
4/3/2022,4/3/2022 6:00,310
4/3/2022,4/3/2022 6:15,299
4/3/2022,4/3/2022 6:30,303
4/3/2022,4/3/2022 6:45,306
4/3/2022,4/3/2022 7:00,306
4/3/2022,4/3/2022 7:15,303
4/3/2022,4/3/2022 7:30,306
4/3/2022,4/3/2022 7:45,310
4/3/2022,4/3/2022 8:00,306
4/3/2022,4/3/2022 8:15,296
4/3/2022,4/3/2022 8:30,314
4/3/2022,4/3/2022 8:45,310
4/3/2022,4/3/2022 9:00,314
4/3/2022,4/3/2022 9:15,310
4/3/2022,4/3/2022 9:30,303
4/3/2022,4/3/2022 9:45,306
4/3/2022,4/3/2022 10:00,317
4/3/2022,4/3/2022 10:15,314
4/3/2022,4/3/2022 10:30,314
4/3/2022,4/3/2022 10:45,321
4/3/2022,4/3/2022 11:00,314
4/3/2022,4/3/2022 11:15,310
4/3/2022,4/3/2022 11:30,317
4/3/2022,4/3/2022 11:45,310
4/3/2022,4/3/2022 12:00,306
4/3/2022,4/3/2022 12:15,314
4/3/2022,4/3/2022 12:30,317
4/3/2022,4/3/2022 12:45,310
4/3/2022,4/3/2022 13:00,310
4/3/2022,4/3/2022 13:15,317
4/3/2022,4/3/2022 13:30,317
4/3/2022,4/3/2022 13:45,314
4/3/2022,4/3/2022 14:00,303
4/3/2022,4/3/2022 14:15,317
4/3/2022,4/3/2022 14:30,329
4/3/2022,4/3/2022 14:45,306
4/3/2022,4/3/2022 15:00,306
4/3/2022,4/3/2022 15:15,317
4/3/2022,4/3/2022 15:30,314
4/3/2022,4/3/2022 15:45,314
4/3/2022,4/3/2022 16:00,310
4/3/2022,4/3/2022 16:15,314
4/3/2022,4/3/2022 16:30,314
4/3/2022,4/3/2022 16:45,310
4/3/2022,4/3/2022 17:00,317
4/3/2022,4/3/2022 17:15,310
4/3/2022,4/3/2022 17:30,310
4/3/2022,4/3/2022 17:45,314
4/3/2022,4/3/2022 18:00,306
4/3/2022,4/3/2022 18:15,314
4/3/2022,4/3/2022 18:30,317
4/3/2022,4/3/2022 18:45,306
4/3/2022,4/3/2022 19:00,303
4/3/2022,4/3/2022 19:15,317
4/3/2022,4/3/2022 19:30,314
4/3/2022,4/3/2022 19:45,314
4/3/2022,4/3/2022 20:00,310
4/3/2022,4/3/2022 20:15,310
4/3/2022,4/3/2022 20:30,310
4/3/2022,4/3/2022 20:45,310
4/3/2022,4/3/2022 21:00,306
4/3/2022,4/3/2022 21:15,306
4/3/2022,4/3/2022 21:30,314
4/3/2022,4/3/2022 21:45,310
4/3/2022,4/3/2022 22:00,310
4/3/2022,4/3/2022 22:15,317
4/3/2022,4/3/2022 22:30,310
4/3/2022,4/3/2022 22:45,306
4/3/2022,4/3/2022 23:00,306
4/3/2022,4/3/2022 23:15,303
4/3/2022,4/3/2022 23:30,306
4/3/2022,4/3/2022 23:45,303
4/4/2022,4/4/2022 0:00,314
4/4/2022,4/4/2022 0:15,310
4/4/2022,4/4/2022 0:30,306
4/4/2022,4/4/2022 0:45,314
4/4/2022,4/4/2022 1:00,296
4/4/2022,4/4/2022 1:15,306
4/4/2022,4/4/2022 1:30,303
4/4/2022,4/4/2022 1:45,310
4/4/2022,4/4/2022 2:00,314
4/4/2022,4/4/2022 2:15,317
4/4/2022,4/4/2022 2:30,314
4/4/2022,4/4/2022 2:45,299
4/4/2022,4/4/2022 3:00,299
4/4/2022,4/4/2022 3:15,306
4/4/2022,4/4/2022 3:30,310
4/4/2022,4/4/2022 3:45,303
4/4/2022,4/4/2022 4:00,303
4/4/2022,4/4/2022 4:15,303
4/4/2022,4/4/2022 4:30,303
4/4/2022,4/4/2022 4:45,306
4/4/2022,4/4/2022 5:00,303
4/4/2022,4/4/2022 5:15,299
4/4/2022,4/4/2022 5:30,314
4/4/2022,4/4/2022 5:45,317
4/4/2022,4/4/2022 6:00,299
4/4/2022,4/4/2022 6:15,306
4/4/2022,4/4/2022 6:30,306
4/4/2022,4/4/2022 6:45,292
4/4/2022,4/4/2022 7:00,299
4/4/2022,4/4/2022 7:15,296
4/4/2022,4/4/2022 7:30,303
4/4/2022,4/4/2022 7:45,306
4/4/2022,4/4/2022 8:00,299
4/4/2022,4/4/2022 8:15,303
4/4/2022,4/4/2022 8:30,303
4/4/2022,4/4/2022 8:45,303
4/4/2022,4/4/2022 9:00,306
4/4/2022,4/4/2022 9:15,299
4/4/2022,4/4/2022 9:30,292
4/4/2022,4/4/2022 9:45,296
4/4/2022,4/4/2022 10:00,299
4/4/2022,4/4/2022 10:15,299
4/4/2022,4/4/2022 10:30,296
4/4/2022,4/4/2022 10:45,296
4/4/2022,4/4/2022 11:00,303
4/4/2022,4/4/2022 11:15,306
4/4/2022,4/4/2022 11:30,299
4/4/2022,4/4/2022 11:45,296
4/4/2022,4/4/2022 12:00,303
4/4/2022,4/4/2022 12:15,306
4/4/2022,4/4/2022 12:30,336
4/4/2022,4/4/2022 12:45,340
4/4/2022,4/4/2022 13:00,317
4/4/2022,4/4/2022 13:15,314
4/4/2022,4/4/2022 13:30,314
4/4/2022,4/4/2022 13:45,314
4/4/2022,4/4/2022 14:00,317
4/4/2022,4/4/2022 14:15,317
4/4/2022,4/4/2022 14:30,310
4/4/2022,4/4/2022 14:45,310
4/4/2022,4/4/2022 15:00,310
4/4/2022,4/4/2022 15:15,306
4/4/2022,4/4/2022 15:30,303
4/4/2022,4/4/2022 15:45,306
4/4/2022,4/4/2022 16:00,303
4/4/2022,4/4/2022 16:15,296
4/4/2022,4/4/2022 16:30,296
4/4/2022,4/4/2022 16:45,296
4/4/2022,4/4/2022 17:00,296
4/4/2022,4/4/2022 17:15,292
4/4/2022,4/4/2022 17:30,292
4/4/2022,4/4/2022 17:45,292
4/4/2022,4/4/2022 18:00,288
4/4/2022,4/4/2022 18:15,292
4/4/2022,4/4/2022 18:30,288
4/4/2022,4/4/2022 18:45,288
4/4/2022,4/4/2022 19:00,285
4/4/2022,4/4/2022 19:15,258
4/4/2022,4/4/2022 19:30,258
4/4/2022,4/4/2022 19:45,271
4/4/2022,4/4/2022 20:00,271
4/4/2022,4/4/2022 20:15,278
4/4/2022,4/4/2022 20:30,288
4/4/2022,4/4/2022 20:45,296
4/4/2022,4/4/2022 21:00,303
4/4/2022,4/4/2022 21:15,306
4/4/2022,4/4/2022 21:30,306
4/4/2022,4/4/2022 21:45,303
4/4/2022,4/4/2022 22:00,299
4/4/2022,4/4/2022 22:15,296
4/4/2022,4/4/2022 22:30,299
4/4/2022,4/4/2022 22:45,299
4/4/2022,4/4/2022 23:00,296
4/4/2022,4/4/2022 23:15,296
4/4/2022,4/4/2022 23:30,299
4/4/2022,4/4/2022 23:45,296
4/5/2022,4/5/2022 0:00,288
4/5/2022,4/5/2022 0:15,296
4/5/2022,4/5/2022 0:30,299
4/5/2022,4/5/2022 0:45,292
4/5/2022,4/5/2022 1:00,292
4/5/2022,4/5/2022 1:15,299
4/5/2022,4/5/2022 1:30,292
4/5/2022,4/5/2022 1:45,292
4/5/2022,4/5/2022 2:00,296
4/5/2022,4/5/2022 2:15,292
4/5/2022,4/5/2022 2:30,292
4/5/2022,4/5/2022 2:45,296
4/5/2022,4/5/2022 3:00,292
4/5/2022,4/5/2022 3:15,288
4/5/2022,4/5/2022 3:30,288
4/5/2022,4/5/2022 3:45,296
4/5/2022,4/5/2022 4:00,292
4/5/2022,4/5/2022 4:15,292
4/5/2022,4/5/2022 4:30,292
4/5/2022,4/5/2022 4:45,288
4/5/2022,4/5/2022 5:00,288
4/5/2022,4/5/2022 5:15,296
4/5/2022,4/5/2022 5:30,292
4/5/2022,4/5/2022 5:45,285
4/5/2022,4/5/2022 6:00,288
4/5/2022,4/5/2022 6:15,292
4/5/2022,4/5/2022 6:30,285
4/5/2022,4/5/2022 6:45,288
4/5/2022,4/5/2022 7:00,296
4/5/2022,4/5/2022 7:15,288
4/5/2022,4/5/2022 7:30,292
4/5/2022,4/5/2022 7:45,296
4/5/2022,4/5/2022 8:00,288
4/5/2022,4/5/2022 8:15,285
4/5/2022,4/5/2022 8:30,292
4/5/2022,4/5/2022 8:45,296
4/5/2022,4/5/2022 9:00,288
4/5/2022,4/5/2022 9:15,292
4/5/2022,4/5/2022 9:30,296
4/5/2022,4/5/2022 9:45,292
4/5/2022,4/5/2022 10:00,292
4/5/2022,4/5/2022 10:15,303
4/5/2022,4/5/2022 10:30,299
4/5/2022,4/5/2022 10:45,296
4/5/2022,4/5/2022 11:00,292
4/5/2022,4/5/2022 11:15,303
4/5/2022,4/5/2022 11:30,303
4/5/2022,4/5/2022 11:45,292
4/5/2022,4/5/2022 12:00,299
4/5/2022,4/5/2022 12:15,303
4/5/2022,4/5/2022 12:30,296
4/5/2022,4/5/2022 12:45,296
4/5/2022,4/5/2022 13:00,303
4/5/2022,4/5/2022 13:15,299
4/5/2022,4/5/2022 13:30,299
4/5/2022,4/5/2022 13:45,303
4/5/2022,4/5/2022 14:00,299
4/5/2022,4/5/2022 14:15,292
4/5/2022,4/5/2022 14:30,303
4/5/2022,4/5/2022 14:45,314
4/5/2022,4/5/2022 15:00,303
4/5/2022,4/5/2022 15:15,303
4/5/2022,4/5/2022 15:30,306
4/5/2022,4/5/2022 15:45,303
4/5/2022,4/5/2022 16:00,303
4/5/2022,4/5/2022 16:15,303
4/5/2022,4/5/2022 16:30,303
4/5/2022,4/5/2022 16:45,299
4/5/2022,4/5/2022 17:00,296
4/5/2022,4/5/2022 17:15,299
4/5/2022,4/5/2022 17:30,299
4/5/2022,4/5/2022 17:45,299
4/5/2022,4/5/2022 18:00,299
4/5/2022,4/5/2022 18:15,299
4/5/2022,4/5/2022 18:30,299
4/5/2022,4/5/2022 18:45,296
4/5/2022,4/5/2022 19:00,299
4/5/2022,4/5/2022 19:15,303
4/5/2022,4/5/2022 19:30,299
4/5/2022,4/5/2022 19:45,296
4/5/2022,4/5/2022 20:00,303
4/5/2022,4/5/2022 20:15,296
4/5/2022,4/5/2022 20:30,296
4/5/2022,4/5/2022 20:45,299
4/5/2022,4/5/2022 21:00,296
4/5/2022,4/5/2022 21:15,296
4/5/2022,4/5/2022 21:30,296
4/5/2022,4/5/2022 21:45,296
4/5/2022,4/5/2022 22:00,296
4/5/2022,4/5/2022 22:15,296
4/5/2022,4/5/2022 22:30,296
4/5/2022,4/5/2022 22:45,296
4/5/2022,4/5/2022 23:00,292
4/5/2022,4/5/2022 23:15,296
4/5/2022,4/5/2022 23:30,296
4/5/2022,4/5/2022 23:45,292
4/6/2022,4/6/2022 0:00,296
4/6/2022,4/6/2022 0:15,296
4/6/2022,4/6/2022 0:30,292
4/6/2022,4/6/2022 0:45,292
4/6/2022,4/6/2022 1:00,292
4/6/2022,4/6/2022 1:15,296
4/6/2022,4/6/2022 1:30,296
4/6/2022,4/6/2022 1:45,288
4/6/2022,4/6/2022 2:00,288
4/6/2022,4/6/2022 2:15,288
4/6/2022,4/6/2022 2:30,288
4/6/2022,4/6/2022 2:45,288
4/6/2022,4/6/2022 3:00,275
4/6/2022,4/6/2022 3:15,238
4/6/2022,4/6/2022 3:30,214
4/6/2022,4/6/2022 3:45,205
4/6/2022,4/6/2022 4:00,202
4/6/2022,4/6/2022 4:15,200
4/6/2022,4/6/2022 4:30,197
4/6/2022,4/6/2022 4:45,194
4/6/2022,4/6/2022 5:00,194
4/6/2022,4/6/2022 5:15,194
4/6/2022,4/6/2022 5:30,194
4/6/2022,4/6/2022 5:45,194
4/6/2022,4/6/2022 6:00,194
4/6/2022,4/6/2022 6:15,194
4/6/2022,4/6/2022 6:30,214
4/6/2022,4/6/2022 6:45,238
4/6/2022,4/6/2022 7:00,251
4/6/2022,4/6/2022 7:15,264
4/6/2022,4/6/2022 7:30,275
4/6/2022,4/6/2022 7:45,281
4/6/2022,4/6/2022 8:00,281
4/6/2022,4/6/2022 8:15,285
4/6/2022,4/6/2022 8:30,285
4/6/2022,4/6/2022 8:45,288
4/6/2022,4/6/2022 9:00,288
4/6/2022,4/6/2022 9:15,288
4/6/2022,4/6/2022 9:30,288
4/6/2022,4/6/2022 9:45,288
4/6/2022,4/6/2022 10:00,288
4/6/2022,4/6/2022 10:15,288
4/6/2022,4/6/2022 10:30,288
4/6/2022,4/6/2022 10:45,288
4/6/2022,4/6/2022 11:00,292
4/6/2022,4/6/2022 11:15,292
4/6/2022,4/6/2022 11:30,292
4/6/2022,4/6/2022 11:45,296
4/6/2022,4/6/2022 12:00,296
4/6/2022,4/6/2022 12:15,314
4/6/2022,4/6/2022 12:30,321
4/6/2022,4/6/2022 12:45,317
4/6/2022,4/6/2022 13:00,310
4/6/2022,4/6/2022 13:15,314
4/6/2022,4/6/2022 13:30,314
4/6/2022,4/6/2022 13:45,310
4/6/2022,4/6/2022 14:00,306
4/6/2022,4/6/2022 14:15,306
4/6/2022,4/6/2022 14:30,310
4/6/2022,4/6/2022 14:45,310
4/6/2022,4/6/2022 15:00,310
4/6/2022,4/6/2022 15:15,310
4/6/2022,4/6/2022 15:30,314
4/6/2022,4/6/2022 15:45,317
4/6/2022,4/6/2022 16:00,314
4/6/2022,4/6/2022 16:15,314
4/6/2022,4/6/2022 16:30,317
4/6/2022,4/6/2022 16:45,317
4/6/2022,4/6/2022 17:00,314
4/6/2022,4/6/2022 17:15,314
4/6/2022,4/6/2022 17:30,321
4/6/2022,4/6/2022 17:45,325
4/6/2022,4/6/2022 18:00,321
4/6/2022,4/6/2022 18:15,329
4/6/2022,4/6/2022 18:30,340
4/6/2022,4/6/2022 18:45,344
4/6/2022,4/6/2022 19:00,344
4/6/2022,4/6/2022 19:15,356
4/6/2022,4/6/2022 19:30,364
4/6/2022,4/6/2022 19:45,364
4/6/2022,4/6/2022 20:00,368
4/6/2022,4/6/2022 20:15,380
4/6/2022,4/6/2022 20:30,385
4/6/2022,4/6/2022 20:45,385
4/6/2022,4/6/2022 21:00,380
4/6/2022,4/6/2022 21:15,364
4/6/2022,4/6/2022 21:30,360
4/6/2022,4/6/2022 21:45,360
4/6/2022,4/6/2022 22:00,344
4/6/2022,4/6/2022 22:15,325
4/6/2022,4/6/2022 22:30,310
4/6/2022,4/6/2022 22:45,303
4/6/2022,4/6/2022 23:00,303
4/6/2022,4/6/2022 23:15,303
4/6/2022,4/6/2022 23:30,299
4/6/2022,4/6/2022 23:45,299
4/7/2022,4/7/2022 0:00,299
4/7/2022,4/7/2022 0:15,296
4/7/2022,4/7/2022 0:30,296
4/7/2022,4/7/2022 0:45,299
4/7/2022,4/7/2022 1:00,296
4/7/2022,4/7/2022 1:15,292
4/7/2022,4/7/2022 1:30,296
4/7/2022,4/7/2022 1:45,299
4/7/2022,4/7/2022 2:00,292
4/7/2022,4/7/2022 2:15,292
4/7/2022,4/7/2022 2:30,296
4/7/2022,4/7/2022 2:45,296
4/7/2022,4/7/2022 3:00,292
4/7/2022,4/7/2022 3:15,296
4/7/2022,4/7/2022 3:30,296
4/7/2022,4/7/2022 3:45,292
4/7/2022,4/7/2022 4:00,296
4/7/2022,4/7/2022 4:15,296
4/7/2022,4/7/2022 4:30,292
4/7/2022,4/7/2022 4:45,288
4/7/2022,4/7/2022 5:00,292
4/7/2022,4/7/2022 5:15,296
4/7/2022,4/7/2022 5:30,288
4/7/2022,4/7/2022 5:45,288
4/7/2022,4/7/2022 6:00,296
4/7/2022,4/7/2022 6:15,292
4/7/2022,4/7/2022 6:30,292
4/7/2022,4/7/2022 6:45,292
4/7/2022,4/7/2022 7:00,292
4/7/2022,4/7/2022 7:15,288
4/7/2022,4/7/2022 7:30,292
4/7/2022,4/7/2022 7:45,292
4/7/2022,4/7/2022 8:00,288
4/7/2022,4/7/2022 8:15,292
4/7/2022,4/7/2022 8:30,296
4/7/2022,4/7/2022 8:45,296
4/7/2022,4/7/2022 9:00,296
4/7/2022,4/7/2022 9:15,296
4/7/2022,4/7/2022 9:30,296
4/7/2022,4/7/2022 9:45,296
4/7/2022,4/7/2022 10:00,296
4/7/2022,4/7/2022 10:15,299
4/7/2022,4/7/2022 10:30,303
4/7/2022,4/7/2022 10:45,299
4/7/2022,4/7/2022 11:00,299
4/7/2022,4/7/2022 11:15,303
4/7/2022,4/7/2022 11:30,303
4/7/2022,4/7/2022 11:45,306
4/7/2022,4/7/2022 12:00,299
4/7/2022,4/7/2022 12:15,303
4/7/2022,4/7/2022 12:30,303
4/7/2022,4/7/2022 12:45,299
4/7/2022,4/7/2022 13:00,296
4/7/2022,4/7/2022 13:15,303
4/7/2022,4/7/2022 13:30,303
4/7/2022,4/7/2022 13:45,299
4/7/2022,4/7/2022 14:00,303
4/7/2022,4/7/2022 14:15,306
4/7/2022,4/7/2022 14:30,303
4/7/2022,4/7/2022 14:45,303
4/7/2022,4/7/2022 15:00,306
4/7/2022,4/7/2022 15:15,303
4/7/2022,4/7/2022 15:30,303
4/7/2022,4/7/2022 15:45,303
4/7/2022,4/7/2022 16:00,303
4/7/2022,4/7/2022 16:15,299
4/7/2022,4/7/2022 16:30,299
4/7/2022,4/7/2022 16:45,306
4/7/2022,4/7/2022 17:00,303
4/7/2022,4/7/2022 17:15,303
4/7/2022,4/7/2022 17:30,303
4/7/2022,4/7/2022 17:45,306
4/7/2022,4/7/2022 18:00,303
4/7/2022,4/7/2022 18:15,299
4/7/2022,4/7/2022 18:30,303
4/7/2022,4/7/2022 18:45,299
4/7/2022,4/7/2022 19:00,299
4/7/2022,4/7/2022 19:15,306
4/7/2022,4/7/2022 19:30,303
4/7/2022,4/7/2022 19:45,299
4/7/2022,4/7/2022 20:00,299
4/7/2022,4/7/2022 20:15,299
4/7/2022,4/7/2022 20:30,299
4/7/2022,4/7/2022 20:45,299
4/7/2022,4/7/2022 21:00,296
4/7/2022,4/7/2022 21:15,296
4/7/2022,4/7/2022 21:30,299
4/7/2022,4/7/2022 21:45,299
4/7/2022,4/7/2022 22:00,299
4/7/2022,4/7/2022 22:15,299
4/7/2022,4/7/2022 22:30,299
4/7/2022,4/7/2022 22:45,296
4/7/2022,4/7/2022 23:00,296
4/7/2022,4/7/2022 23:15,299
4/7/2022,4/7/2022 23:30,299
4/7/2022,4/7/2022 23:45,296
4/8/2022,4/8/2022 0:00,296
4/8/2022,4/8/2022 0:15,299
4/8/2022,4/8/2022 0:30,299
4/8/2022,4/8/2022 0:45,296
4/8/2022,4/8/2022 1:00,296
4/8/2022,4/8/2022 1:15,299
4/8/2022,4/8/2022 1:30,299
4/8/2022,4/8/2022 1:45,296
4/8/2022,4/8/2022 2:00,296
4/8/2022,4/8/2022 2:15,299
4/8/2022,4/8/2022 2:30,296
4/8/2022,4/8/2022 2:45,296
4/8/2022,4/8/2022 3:00,296
4/8/2022,4/8/2022 3:15,296
4/8/2022,4/8/2022 3:30,292
4/8/2022,4/8/2022 3:45,296
4/8/2022,4/8/2022 4:00,296
4/8/2022,4/8/2022 4:15,292
4/8/2022,4/8/2022 4:30,292
4/8/2022,4/8/2022 4:45,296
4/8/2022,4/8/2022 5:00,292
4/8/2022,4/8/2022 5:15,288
4/8/2022,4/8/2022 5:30,296
4/8/2022,4/8/2022 5:45,299
4/8/2022,4/8/2022 6:00,296
4/8/2022,4/8/2022 6:15,292
4/8/2022,4/8/2022 6:30,296
4/8/2022,4/8/2022 6:45,288
4/8/2022,4/8/2022 7:00,288
4/8/2022,4/8/2022 7:15,296
4/8/2022,4/8/2022 7:30,296
4/8/2022,4/8/2022 7:45,296
4/8/2022,4/8/2022 8:00,292
4/8/2022,4/8/2022 8:15,296
4/8/2022,4/8/2022 8:30,296
4/8/2022,4/8/2022 8:45,296
4/8/2022,4/8/2022 9:00,292
4/8/2022,4/8/2022 9:15,299
4/8/2022,4/8/2022 9:30,303
4/8/2022,4/8/2022 9:45,299
4/8/2022,4/8/2022 10:00,296
4/8/2022,4/8/2022 10:15,299
4/8/2022,4/8/2022 10:30,303
4/8/2022,4/8/2022 10:45,299
4/8/2022,4/8/2022 11:00,303
4/8/2022,4/8/2022 11:15,306
4/8/2022,4/8/2022 11:30,306
4/8/2022,4/8/2022 11:45,303
4/8/2022,4/8/2022 12:00,306
4/8/2022,4/8/2022 12:15,310
4/8/2022,4/8/2022 12:30,306
4/8/2022,4/8/2022 12:45,306
4/8/2022,4/8/2022 13:00,306
4/8/2022,4/8/2022 13:15,306
4/8/2022,4/8/2022 13:30,306
4/8/2022,4/8/2022 13:45,314
4/8/2022,4/8/2022 14:00,314
4/8/2022,4/8/2022 14:15,317
4/8/2022,4/8/2022 14:30,317
4/8/2022,4/8/2022 14:45,321
4/8/2022,4/8/2022 15:00,317
4/8/2022,4/8/2022 15:15,314
4/8/2022,4/8/2022 15:30,314
4/8/2022,4/8/2022 15:45,317
4/8/2022,4/8/2022 16:00,317
4/8/2022,4/8/2022 16:15,314
4/8/2022,4/8/2022 16:30,314
4/8/2022,4/8/2022 16:45,314
4/8/2022,4/8/2022 17:00,317
4/8/2022,4/8/2022 17:15,310
4/8/2022,4/8/2022 17:30,314
4/8/2022,4/8/2022 17:45,314
4/8/2022,4/8/2022 18:00,310
4/8/2022,4/8/2022 18:15,314
4/8/2022,4/8/2022 18:30,310
4/8/2022,4/8/2022 18:45,310
4/8/2022,4/8/2022 19:00,310
4/8/2022,4/8/2022 19:15,310
4/8/2022,4/8/2022 19:30,306
4/8/2022,4/8/2022 19:45,306
4/8/2022,4/8/2022 20:00,306
4/8/2022,4/8/2022 20:15,306
4/8/2022,4/8/2022 20:30,306
4/8/2022,4/8/2022 20:45,306
4/8/2022,4/8/2022 21:00,303
4/8/2022,4/8/2022 21:15,306
4/8/2022,4/8/2022 21:30,306
4/8/2022,4/8/2022 21:45,303
4/8/2022,4/8/2022 22:00,303
4/8/2022,4/8/2022 22:15,306
4/8/2022,4/8/2022 22:30,303
4/8/2022,4/8/2022 22:45,299
4/8/2022,4/8/2022 23:00,303
,,
,,
,,
